item;regid;regidExtension;bit;bits;bitNums;invert;pos;size;expand;isSigned;isHex;visible;enable;clickable;percent100;floatdivisor;decimals;parent;label;format;image;imageOff;condition;expression;descText;tooltip;fontName;fontDesc;fontHeight;fontWidth;fontGap;fontWeight;fontFamily;border;onTop;isCaption;isUnit;colourText;colourBack;where;textOff;textOn;URL;command;script;action;descColour;unitsColour;descWidth;unitsWidth;spacing;descLeft;descOffsetX;descOffsetY;unitsOffsetX;unitsOffsetY;step;style;units
background;;;;;;;;;;;;;;;;;;;background;;blank_0-page.bmp;;;;;;;;;;;;;;;;;;;;;;;;;;;;;;;;;;;;;;
bitList;;;;;;;;;;;;;;;;;;;;;;;;;;;;;;;;;;;;;;;;;;;;;;;;;;;;;;;;;;;
;;;;;;;;;;;;;;;;;;;;;;;;;;;;;;;;;;;;;;;;;;;;;;;;;;;;;;;;;;;
staticBox;;;;;;;[35,45];[440,280];;;;;;;;;;;Bit Fields;;;;;;;;;;;;;1;;;;;;RGB(250,150,75);;;;;;;;;;;;;;;;;;;;;
editRead;0x51;;;;;;[15,15];[45,15];;;3;;;;;;;Bit Fields;;;;;;;;;;;;;;;;;;;;;;;;;;;;;;;0;0;;;;;;;;;
editRead;0x9b;_1;;;;;[85,15];[75,15];;;3;;;;;;;Bit Fields;;;;;;;;;;;;;;;;;;;;;;;;;;;;;;;0;0;;;;;;;;;
editRead;0x98;_1;;;;;[225,15];[45,15];;;3;;;;;;;Bit Fields;;;;;;;;;;;;;;;;;;;;;;;;;;;;;;;0;0;;;;;;;;;
;;;;;;;;;;;;;;;;;;;;;;;;;;;;;;;;;;;;;;;;;;;;;;;;;;;;;;;;;;;
bitList;0x51;;0;16;;;[10,27];;;;;;;1;;;;Bit Fields;Mode;MODE_BIT_;led_orange;led_dimmed;;;;;;;;;;;;;;;;;;;;;;;;;;;;;;;;;;;;;
bitList;0x9b;;0;16;;;[80,27];;;;;;;0;;;;Bit Fields;Block_I;BLK_I_BIT_;led_green;led_dimmed;;;;;;;;;;;;;;;;;;;;;;;;;;;;;;;;;;;;;
bitList;0x9b;;16;16;;;[140,27];;;;;;;0;;;;Bit Fields; ;BLK_I_BIT_;led_cyan;led_dimmed;;;;;;;;;;;;;;;;;;;;;;;;;;;;;;;;;;;;;
bitList;0x98;;0;16;;;[220,27];;;;;;;1;;;;Bit Fields;Block_O;BLK_O_BIT_;led_red;led_dimmed;;;;;;;;;;;;;;;;;;;;;;;;;;;;;;;;;;;;;
;;;;;;;;;;;;;;;;;;;;;;;;;;;;;;;;;;;;;;;;;;;;;;;;;;;;;;;;;;;
staticBox;;;;;;;[495,45];[300,65];;;;;;;;;;;Serial-Number;;;;;;;;;;;;;;;;;;;RGB(250,150,75);;;;;;;;;;;;;;;;;;;;;
editWrite;[0x62,0x82];;;;;;[75,20];[130,15];;;;(IMD==1);;;;;;Serial-Number;;%09lu%08lu;;;;;;;;;;;;;;;;;;;;;;;;;;;;;60;0;;;;;;;;;
editRead;0x62;;;;;;[75,40];[65,15];;;;(IMD==0);;;;;;Serial-Number;;;;;;;;;;;;;;;;;;;;;;;;;;;;;;;60;0;;;;;;;;;
editRead;0x62;;;;;;[75,40];[65,15];;;;(IMD==1);;;;;;Serial-Number;;;;;;;;;;;;;;;;;;;;;;;;;;;;;;;0;0;;;;;;;;;
editRead;0x82;;;;;;[145,40];[60,15];;;;(IMD==1);;;;;;Serial-Number;;!splitnum:/nnn-nnnnn!;;;;;;;;;;;;;;;;;;;;;;;;;;;;;0;0;;;;;;;;;
editRead;0x82;;;;;;[145,40];[60,15];;;;(Ats_3==1);;;;3600;4;Serial-Number;;;;;;;;;;;;;;;;;;;;;;;;;;;;;;;0;0;;;;;;;;;
;;;;;;;;;;;;;;;;;;;;;;;;;;;;;;;;;;;;;;;;;;;;;;;;;;;;;;;;;;;
staticBox;;;;;;;[495,125];[300,95];;;;(IMD==0);;;;;;;Specials;;;;;;;;;;;;;1;;;;;;RGB(250,150,75);;;;;;;;;;;;;;;;;;;;;
staticBox;;;;;;;[495,125];[300,95];;;;(IMD==1);;;;;;;Safety Chain;;;;;;;;;;;;;1;;;;;;RGB(250,150,75);;;;;;;;;;;;;;;;;;;;;
editWrite;0x01;;;;;;[75,20];[80,15];;;3;;;;;;;Safety Chain;;;;;;;;;;;;;;;;;;;;;;;;;;;;;;;60;0;;;;;;;;;
editRead;0x01;;;;;;[170,20];[80,15];;;3;;;;;;;Safety Chain;;;;;;;;;;;;;;;;;;;;;;;;;;;;;;;0;0;;;;;;;;;
editRead;0x02;;;;;;[75,45];[40,15];;;;;;;;;;Safety Chain;;;;;;;;;;;;;;;;;;;;;;;;;;;;;;;60;0;;;;;;;;;
editWrite;0x03;;;;;;[75,70];[40,15];;;;;;;;;;Safety Chain;;;;;;;;;;;;;;;;;;;;;;;;;;;;;;;60;0;;;;;;;;;
editRead;0x02;;0;31;;;[125,45];[150,15];;0;;;;;;;;Safety Chain;;UsrState_;;;;;;;;;;;;;;;;;;;;;;;;;;;;;0;0;;;;;;;;;
editRead;0x03;;0;31;;;[125,70];[150,15];;0;;;;;;;;Safety Chain;;UsrDemand_;;;;;;;;;;;;;;;;;;;;;;;;;;;;;0;0;;;;;;;;;
;;;;;;;;;;;;;;;;;;;;;;;;;;;;;;;;;;;;;;;;;;;;;;;;;;;;;;;;;;;
staticBox;;;;;;;[495,235];[300,90];;;;;;;;;;;DC Voltages;;;;;;;;;;;;;1;;;;;;RGB(250,150,75);;;;;;;;;;;;;;;;;;;;;
editRead;0xeb;;;;;;[75,20];[50,15];;;;;;;;;;DC Voltages;;;;;;;;;;;;;;;;;;;;;;;;;;;;;;;60;0;;;;;;;;;
editRead;0x66;;;;;;[75,45];[50,15];;;;(IMD==1);;;;;;DC Voltages;;;;;;;;;;;;;;;;;;;;;;;;;;;;;;;60;0;;;;;;;;;
editRead;0x61;;;;;;[75,70];[50,15];;;;(IMD==1)&&((IMD_c==1) ||(IMD_d==1));;;;;;DC Voltages;;;;;;;;;;;;;;;;;;;;;;;;;;;;;;;60;0;;;;;;;;;
;;;;;;;;;;;;;;;;;;;;;;;;;;;;;;;;;;;;;;;;;;;;;;;;;;;;;;;;;;;
editRead;0xeb;;;;;;[145,20];[50,15];;;;(IMD_a==1);;;;"""29.3856""";0;DC Voltages;;;;;;;;;;;;;;;;;;;;;;;;;;;;;;;0;;;;;;;;;;
editRead;0xeb;;;;;;[145,20];[50,15];;;;(IMD_b==1);;;;"""29.8901""";0;DC Voltages;;;;;;;;;;;;;;;;;;;;;;;;;;;;;;;0;;;;;;;;;;
editRead;0xeb;;;;;;[145,20];[50,15];;;;(IMD_cL==1);;;;"""29.8901""";0;DC Voltages;;;;;;;;;;;;;;;;;;;;;;;;;;;;;;;0;;;;;;;;;;
editRead;0xeb;;;;;;[145,20];[50,15];;;;(IMD_cN==1);;;;"""32.0465""";0;DC Voltages;;;;;;;;;;;;;;;;;;;;;;;;;;;;;;;0;;;;;;;;;;
editRead;0xeb;;;;;;[145,20];[50,15];;;;(IMD_dL==1);;;;"""29.8901""";0;DC Voltages;;;;;;;;;;;;;;;;;;;;;;;;;;;;;;;0;;;;;;;;;;
editRead;0xeb;;;;;;[145,20];[50,15];;;;(IMD_dN==1);;;;"""31.4525""";0;DC Voltages;;;;;;;;;;;;;;;;;;;;;;;;;;;;;;;0;;;;;;;;;;
editRead;0xeb;;;;;;[145,20];[50,15];;;;(BamoCar_400==1);;;;"""55.1204""";0;DC Voltages;;;;;;;;;;;;;;;;;;;;;;;;;;;;;;;0;;;;;;;;;;
editRead;0xeb;;;;;;[145,20];[50,15];;;;(BamoCar_700==1);;;;"""31.5848""";0;DC Voltages;;;;;;;;;;;;;;;;;;;;;;;;;;;;;;;0;;;;;;;;;;
editRead;0xeb;;;;;;[145,20];[50,15];;;;(BamoCar_900==1);;;;"""31.6259""";0;DC Voltages;;;;;;;;;;;;;;;;;;;;;;;;;;;;;;;0;;;;;;;;;;
editRead;0xeb;;;;;;[145,20];[50,15];;;;(mBamoCar_700==1);;;;"""31.45299""";0;DC Voltages;;;;;;;;;;;;;;;;;;;;;;;;;;;;;;;0;;;;;;;;;;
editRead;0xeb;;;;;;[145,20];[50,15];;;;(KH_a1==1);;;;"""15.8384""";0;DC Voltages;;;;;;;;;;;;;;;;;;;;;;;;;;;;;;;0;;;;;;;;;;
editRead;0xeb;;;;;;[145,20];[50,15];;;;(KH_a2==1);;;;"""31.8428""";0;DC Voltages;;;;;;;;;;;;;;;;;;;;;;;;;;;;;;;0;;;;;;;;;;
editRead;0xeb;;;;;;[145,20];[50,15];;;;(Ats_3==1);;;;"""31.5196""";0;DC Voltages;;;;;;;;;;;;;;;;;;;;;;;;;;;;;;;0;;;;;;;;;;
editRead;0xeb;;;;;;[145,20];[50,15];;;;(TypNr==0x7A)||(TypNr==0x7C)||(TypNr==0x7E);;;;"""177.2932""";1;DC Voltages;;;;;;;;;;;;;;;;;;;;;;;;;;;;;;;0;;;;;;;;;;
editRead;0xeb;;;;;;[145,20];[50,15];;;;(TypNr==0x70)||(TypNr==0x72)||(TypNr==0x74)||(TypNr==0x76)||(TypNr==0x78);;;;"""361.6605""";1;DC Voltages;;;;;;;;;;;;;;;;;;;;;;;;;;;;;;;0;;;;;;;;;;
editRead;0xeb;;;;;;[145,20];[50,15];;;;(TypNr==0x7B)||(TypNr==0x7D)||(TypNr==0x7F);;;;"""211.3898""";1;DC Voltages;;;;;;;;;;;;;;;;;;;;;;;;;;;;;;;0;;;;;;;;;;
editRead;0xeb;;;;;;[145,20];[50,15];;;;(TypNr==0x71)||(TypNr==0x73)||(TypNr==0x75)||(TypNr==0x77)||(TypNr==0x79);;;;"""422.8477""";1;DC Voltages;;;;;;;;;;;;;;;;;;;;;;;;;;;;;;;0;;;;;;;;;;
;;;;;;;;;;;;;;;;;;;;;;;;;;;;;;;;;;;;;;;;;;;;;;;;;;;;;;;;;;;
editRead;0x66;;;;;;[145,45];[50,15];;;;(IMD_b==1);;;;"""59.5690""";0;DC Voltages;;;;;;;;;;;;;;;;;;;;;;;;;;;;;;;0;;;;;;;;;;
editRead;0x66;;;;;;[145,45];[50,15];;;;(IMD_cL==1);;;;"""59.5690""";0;DC Voltages;;;;;;;;;;;;;;;;;;;;;;;;;;;;;;;0;;;;;;;;;;
editRead;0x66;;;;;;[145,45];[50,15];;;;(IMD_cN==1);;;;"""53.3227""";0;DC Voltages;;;;;;;;;;;;;;;;;;;;;;;;;;;;;;;0;;;;;;;;;;
editRead;0x66;;;;;;[145,45];[50,15];;;;(IMD_d==1);;;;"""53.3218""";0;DC Voltages;;;;;;;;;;;;;;;;;;;;;;;;;;;;;;;0;;;;;;;;;;
;;;;;;;;;;;;;;;;;;;;;;;;;;;;;;;;;;;;;;;;;;;;;;;;;;;;;;;;;;;
editRead;0x61;;;;;;[145,70];[50,15];;;;(IMD_cL==1);;;;"""59.5690""";0;DC Voltages;;;;;;;;;;;;;;;;;;;;;;;;;;;;;;;0;;;;;;;;;;
editRead;0x61;;;;;;[145,70];[50,15];;;;(IMD_cN==1);;;;"""53.3227""";0;DC Voltages;;;;;;;;;;;;;;;;;;;;;;;;;;;;;;;0;;;;;;;;;;
editRead;0x61;;;;;;[145,70];[50,15];;;;(IMD_d==1);;;;"""53.3218""";0;DC Voltages;;;;;;;;;;;;;;;;;;;;;;;;;;;;;;;0;;;;;;;;;;
;;;;;;;;;;;;;;;;;;;;;;;;;;;;;;;;;;;;;;;;;;;;;;;;;;;;;;;;;;;
bitList;0x63;_b_;4;3;;;[215,5];;;;;(IMD==1)&&((IMD_a==1)||(IMD_b==1));;0;;;;DC Voltages;!hide!;;led_red;led_dimmed;;;;;;;;;;;;;;;;;;;;;;;;;;;;;;;;;;;;;
bitList;0x63;_b_;4;4;;;[215,5];;;;;(IMD==1)&&(IMD_c==1);;0;;;;DC Voltages;!hide!;;led_red;led_dimmed;;;;;;;;;;;;;;;;;;;;;;;;;;;;;;;;;;;;;
bitList;0x63;_b2_;3;5;;;[215,5];;;;;(IMD==1)&&(IMD_d==1);;0;;;;DC Voltages;!hide!;;led_red;led_dimmed;;;;;;;;;;;;;;;;;;;;;;;;;;;;;;;;;;;;;
bitList;0x63;_b2_;2;1;;;[255,5];;;;;(IMD==1)&&(IMD_d==1);;0;;;;DC Voltages;!hide!;;led_red;led_dimmed;;;;;;;;;;;;;;;;;;;;;;;;;;;;;;;;;;;;;
bitList;0x63;_b2_;12;2;;;[255,31];;;;;(IMD==1)&&(IMD_d==1);;0;;;;DC Voltages;!hide!;;led_red;led_dimmed;;;;;;;;;;;;;;;;;;;;;;;;;;;;;;;;;;;;;
;;;;;;;;;;;;;;;;;;;;;;;;;;;;;;;;;;;;;;;;;;;;;;;;;;;;;;;;;;;
;;;;;;;;;;;;;;;;;;;;;;;;;;;;;;;;;;;;;;;;;;;;;;;;;;;;;;;;;;;
;;;;;;;;;;;;;;;;;;;;;;;;;;;;;;;;;;;;;;;;;;;;;;;;;;;;;;;;;;;
staticBox;;;;;;;[495,345];[300,155];;;;;;;;;;;Temperatures;;;;;;;;;;;;;1;;;;;;RGB(250,150,75);;;;;;;;;;;;;;;;;;;;;
editRead;0x9c;;;;;;[75,20];[40,15];;;;(IMD==1)||(KH_a==1);;;;;;Temperatures;;;;;;;;;;;;;;;;;;;;;;;;;;;;;;;60;0;;;;;;;;;
editRead;0x9d;;;;;;[75,45];[40,15];;;;(IMD==1);;;;;;Temperatures;;;;;;;;;;;;;;;;;;;;;;;;;;;;;;;60;0;;;;;;;;;
editRead;0x9e;;;;;;[75,70];[40,15];;;;(IMD==1);;;;;;Temperatures;;;;;;;;;;;;;;;;;;;;;;;;;;;;;;;60;0;;;;;;;;;
editRead;0x9e;_At;;;;;[75,70];[40,15];;;;(Ats_3==1);;;;;;Temperatures;;;;;;;;;;;;;;;;;;;;;;;;;;;;;;;60;0;;;;;;;;;
editRead;0x9f;;;;;;[75,95];[40,15];;;;(IMD==1);;;;;;Temperatures;;;;;;;;;;;;;;;;;;;;;;;;;;;;;;;60;0;;;;;;;;;
editRead;0x9f;_At;;;;;[75,95];[40,15];;;;(Ats_3==1);;;;;;Temperatures;;;;;;;;;;;;;;;;;;;;;;;;;;;;;;;60;0;;;;;;;;;
editRead;0x49;;;;;;[75,120];[40,15];;;;;;;;;;Temperatures;;;;;;;;;;;;;;;;;;;;;;;;;;;;;;;60;0;;;;;;;;;
editRead;0x9a;;0;16;;;[120,20];[40,15];;0;;(IMD==1)&&(DacSet==0x9c);;;;;;Temperatures;;;;;;;;;;;;;;;;;;;;;;;;;;;;;;;0;0;;;;;;;;;
editRead;0x9a;;0;16;;;[120,45];[40,15];;0;;(IMD==1)&&(DacSet==0x9d);;;;;;Temperatures;;;;;;;;;;;;;;;;;;;;;;;;;;;;;;;0;0;;;;;;;;;
editRead;0x9a;;0;16;;;[120,70];[40,15];;0;;(IMD==1)&&(DacSet==0x9e);;;;;;Temperatures;;;;;;;;;;;;;;;;;;;;;;;;;;;;;;;0;0;;;;;;;;;
editRead;0x9a;;0;16;;;[120,95];[40,15];;0;;(IMD==1)&&(DacSet==0x9f);;;;;;Temperatures;;;;;;;;;;;;;;;;;;;;;;;;;;;;;;;0;0;;;;;;;;;
;;;;;;;;;;;;;;;;;;;;;;;;;;;;;;;;;;;;;;;;;;;;;;;;;;;;;;;;;;;
editRead;0xb8;;0;16;;;[240,20];[40,15];;0;;(IMD==1)&&((DacSet==0x9c)||(DacSet==0x9d)||(DacSet==0x9e)||(DacSet==0x9f));;;;;;Temperatures;;;;;;;;;;;;;;;;;;;;;;;;;;;;;;;60;0;;;;;;;;;
editRead;0xba;;0;16;;;[240,45];[40,15];;0;;(IMD==1)&&((DacSet==0x9c)||(DacSet==0x9d)||(DacSet==0x9e)||(DacSet==0x9f));;;;;;Temperatures;;;;;;;;;;;;;;;;;;;;;;;;;;;;;;;60;0;;;;;;;;;
editRead;0x4b;;;;;;[240,95];[40,15];;;;;;;;;;Temperatures;;;;;;;;;;;;;;;;;;;;;;;;;;;;;;;60;0;;;;;;;;;
editRead;0x4a;;;;;;[240,120];[40,15];;;;;;;;;;Temperatures;;;;;;;;;;;;;;;;;;;;;;;;;;;;;;;60;0;;;;;;;;;
;;;;;;;;;;;;;;;;;;;;;;;;;;;;;;;;;;;;;;;;;;;;;;;;;;;;;;;;;;;
editRead;0x11;;;;;;[15,20];[90,12];;;3;DbgDisp>0;;;;;;;;;;;;;;;;;;;;;;;;;;RGB(240,40,240);RGB(25,80,170);;;;;;;;;;0;0;;;;;;;;;
;;;;;;;;;;;;;;;;;;;;;;;;;;;;;;;;;;;;;;;;;;;;;;;;;0;0;;;;;;;;;
;;;;;;;;;;;;;;;;;;;;;;;;;;;;;;;;;;;;;;;;;;;;;;;;;;;;;;;;;;;
;;;;;;;;;;;;;;;;;;;;;;;;;;;;;;;;;;;;;;;;;;;;;;;;;;;;;;;;;;;
;;;;;;;;;;;;;;;;;;;;;;;;;;;;;;;;;;;;;;;;;;;;;;;;;;;;;;;;;;;
staticBox;;;;;;;[35,345];[150,155];;;;(IMD==1);;;;;;;Park Run Stepped;;;;;;;;;;;;;1;;;;;;RGB(250,150,75);;;;;;;;;RGB(254,254,254);RGB(180,180,180);;;;;;;;;;;
bitList;0x01;_b_;29;1;;;[5,5];;;;;;;1;;;;Park Run Stepped;!hide!;;led_cyan;led_dimmed;;;;;;;;;;;;;;;;;;;;;;;;;;;0;0;;;;;;;;;
editRead;0x76 L;;;;;;[85,20];[50,13];;;;;;;;;;Park Run Stepped;;;;;;;;;;;;;;;;;;;;;;;;;;;;;;;0;0;;;;;;;;;
;;;;;;;;;;;;;;;;;;;;;;;;;;;;;;;;;;;;;;;;;;;;;;;;;;;;;;;;;;;
editWrite;0xfb L;_p;0;11;;;[45,40];[32,13];;0;;(FW>=1036)||(FW<100);;;;;;Park Run Stepped;;;;;;;;Tooltip Register 0xfb_low_p;;;;;;;;;;;;;;;;;;;;;;;35;0;;;;;;;;;
dropDown;0xfb L;_f;11;5;;;[85,36];[50,13];;0;;(FW>=1036)||(FW<100);;;;;;Park Run Stepped;;Text reg 0xfb_f;;;;;;Tooltip Register 0xfb_low_f;;;;;;;;;;;;;;;;;;;;;;;0;0;;;;;;;;;
;;;;;;;;;;;;;;;;;;;;;;;;;;;;;;;;;;;;;;;;;;;;;;;;;;;;;;;;;;;
editWrite;0xfb H;_p;0;11;;;[45,70];[32,13];;0;;(FW>=1036)||(FW<100);;;;;;Park Run Stepped;;;;;;;;Tooltip Register 0xfb_high_p;;;;;;;;;;;;;;;;;;;;;;;35;0;;;;;;;;;
dropDown;0xfb H;_f;11;5;;;[85,66];[50,13];;0;;(FW>=1036)||(FW<100);;;;;;Park Run Stepped;;Text reg 0xfb_f;;;;;;Tooltip Register 0xfb_high_f;;;;;;;;;;;;;;;;;;;;;;;0;0;;;;;;;;;
;;;;;;;;;;;;;;;;;;;;;;;;;;;;;;;;;;;;;;;;;;;;;;;;;;;;;;;;;;;
editWrite;0xfc L;_p;0;11;;;[45,100];[32,13];;0;;(FW>=1036)||(FW<100);;;;;;Park Run Stepped;;;;;;;;Tooltip Register 0xfc_low_p;;;;;;;;;;;;;;;;;;;;;;;35;0;;;;;;;;;
dropDown;0xfc L;_f;11;5;;;[85,96];[50,10];;0;;(FW>=1036)||(FW<100);;;;;;Park Run Stepped;;Text reg 0xfc_f;;;;;;Tooltip Register 0xfc_low_f;;;;;;;;;;;;;;;;;;;;;;;0;0;;;;;;;;;
;;;;;;;;;;;;;;;;;;;;;;;;;;;;;;;;;;;;;;;;;;;;;;;;;;;;;;;;;;;
editWrite;0xfc H;_p;0;11;;;[45,130];[32,13];;0;;(FW>=1036)||(FW<100);;;;;;Park Run Stepped;;;;;;;;Tooltip Register 0xfc_high_p;;;;;;;;;;;;;;;;;;;;;;;35;0;;;;;;;;;
dropDown;0xfc H;_f;11;5;;;[85,126];[50,10];;0;;(FW>=1036)||(FW<100);;;;;;Park Run Stepped;;Text reg 0xfc_f;;;;;;Tooltip Register 0xfc_high_f;;;;;;;;;;;;;;;;;;;;;;;0;0;;;;;;;;;
;;;;;;;;;;;;;;;;;;;;;;;;;;;;;;;;;;;;;;;;;;;;;;;;;;;;;;;;;;;
;;;;;;;;;;;;;;;;;;;;;;;;;;;;;;;;;;;;;;;;;;;;;;;;;;;;;;;;;;;
staticBox;;;;;;;[195,345];[120,155];;;;(IMD==1);;;;;;;Jog Settings;;;;;;;;;;;;;1;;;;;;RGB(250,150,75);;;;;;;;;RGB(254,254,254);RGB(180,180,180);;;;;;;;;;;
bitList;0x01;_b_;30;1;;;[5,5];;;;;;;1;;;;Jog Settings;!hide!;;led_cyan;led_dimmed;;;;;;;;;;;;;;;;;;;;;;;;;;;0;0;;;;;;;;;
bitList;0x01;_b_;23;1;;;[70,5];;;;;;;1;;;;Jog Settings;!hide!;;led_cyan;led_dimmed;;;;;;;;;;;;;;;;;;;;;;;;;;;0;0;;;;;;;;;
editWrite;0xdd;_spd;0;12;;;[55,40];[35,13];;0;;(FW>=1061)||(FW<100);;;;;;Jog Settings;;;;;;;;;;;;;;;;;;;;;;;;;;;;;;;45;20;;;;;;;;;
editWrite;0xdd;_acc;12;12;;;[55,60];[35,13];;0;;(FW>=1061)||(FW<100);;;;;;Jog Settings;;;;;;;;;;;;;;;;;;;;;;;;;;;;;;;45;20;;;;;;;;;
editWrite;0xdd;_dead;24;5;;;[65,100];[25,13];;0;;(FW>=1061)||(FW<100);;;;;;Jog Settings;;;;;;;;;;;;;;;;;;;;;;;;;;;;;;;55;20;;;;;;;;;
editWrite;0xdd;_dly;29;3;;;[65,120];[25,13];;0;;(FW>=1061)||(FW<100);;;;;;Jog Settings;;;;;;;;;;;;;;;;;;;;;;;;;;;;;;;55;20;;;;;;;;;
;;;;;;;;;;;;;;;;;;;;;;;;;;;;;;;;;;;;;;;;;;;;;;;;;;;;;;;;;;;
;;;;;;;;;;;;;;;;;;;;;;;;;;;;;;;;;;;;;;;;;;;;;;;;;;;;;;;;;;;
;;;;;;;;;;;;;;;;;;;;;;;;;;;;;;;;;;;;;;;;;;;;;;;;;;;;;;;;;;;
staticBox;;;;;;;[325,345];[150,155];;;;(IMD==1);;;;;;;DC defines;;;;;;;;;;;;;1;;;;;;RGB(250,150,75);;;;;;;;;RGB(254,254,254);RGB(180,180,180);;;;;;;;;;;
editWrite;0xa5 H;;;;;;[80,20];[40,13];;;;;;;32767;;;DC defines;;;;;;;;;;;;;;;;;;;;;;;;;;;;;;;70;;1;;;;;;;;
editWrite;0xa5 L;;;;;;[80,45];[40,13];;;;;;;32767;;;DC defines;;;;;;;;;;;;;;;;;;;;;;;;;;;;;;;70;;1;;;;;;;;
editWrite;0x81 H;;;;;;[80,90];[40,13];;;;(FW>=1037)||(FW<100);;;32767;;;DC defines;;;;;;;;;;;;;;;;;;;;;;;;;;;;;;;70;;1;;;;;;;;
editWrite;0x81 L;;;;;;[80,120];[40,13];;;;(FW>=1037)||(FW<100);;;32767;;;DC defines;;;;;;;;;;;;;;;;;;;;;;;;;;;;;;;70;;1;;;;;;;;
;;;;;;;;;;;;;;;;;;;;;;;;;;;;;;;;;;;;;;;;;;;;;;;;;;;;;;;;;;;
//;;;;;;;;;;;;;;;;"""29.8901*2.0""";;;;;;;;;;;;;;;;;;;;;;;;;;;;;;;;;;;;;;;;;;;
editRead;0x81 H;;;;;;[80,105];[40,13];;;;((FW>=1037)||(FW<100))&&(IMD==1)&&(IMD_cN==0);;;;"""59.5802""";0;DC defines;;;;;;;;;;;;;;;;;;;;;;;;;;;;;;;0;0;;;;;;;;;
//;;;;;;;;;;;;;;;;"""32.0465*2.0""";;;;;;;;;;;;;;;;;;;;;;;;;;;;;;;;;;;;;;;;;;;
editRead;0x81 H;;;;;;[80,105];[40,13];;;;((FW>=1037)||(FW<100))&&(IMD==1)&&(IMD_cN==1);;;;"""64.0930""";0;DC defines;;;;;;;;;;;;;;;;;;;;;;;;;;;;;;;0;0;;;;;;;;;
editRead;0x81 L;;;;;;[80,135];[40,13];;;;((FW>=1037)||(FW<100))&&(IMD==1)&&(IMD_cN==0);;;;"""59.5690""";0;DC defines;;;;;;;;;;;;;;;;;;;;;;;;;;;;;;;0;0;;;;;;;;;
editRead;0x81 L;;;;;;[80,135];[40,13];;;;((FW>=1037)||(FW<100))&&(IMD==1)&&(IMD_cN==1);;;;"""53.3227""";0;DC defines;;;;;;;;;;;;;;;;;;;;;;;;;;;;;;;0;0;;;;;;;;;
;;;;;;;;;;;;;;;;;;;;;;;;;;;;;;;;;;;;;;;;;;;;;;;;;;;;;;;;;;;
;;;;;;;;;;;;;;;;;;;;;;;;;;;;;;;;;;;;;;;;;;;;;;;;;;;;;;;;;;;
;;;;;;;;;;;;;;;;;;;;;;;;;;;;;;;;;;;;;;;;;;;;;;;;;;;;;;;;;;;
;;;;;;;;;;;;;;;;;;;;;;;;;;;;;;;;;;;;;;;;;;;;;;;;;;;;;;;;;;;
staticBox;;;;;;;[35,515];[150,85];;;;(IMD==1);;;;;;;SW_Limits;;;;;;;;;;;;;1;;;;;;RGB(250,150,75);;;;;;;;;RGB(254,254,254);RGB(180,180,180);;;;;;;;;;;
bitList;0x01;_b_;22;1;;;[5,5];;;;;;;1;;;;SW_Limits;!hide!;;led_cyan;led_dimmed;;;;;;;;;;;;;;;;;;;;;;;;;;;0;0;;;;;;;;;
editRead;0x6d;_rev;16;16;;;[65,20];[50,13];;1;;;;;;;;SW_Limits;;;;;;;;;;;;;;;;;;;;;;;;;;;;;;;0;;;;;;;;;;
editWrite;0x47 L;;;;;;[65,40];[50,13];;1;;(FW>=1072)||(FW<100);;;;;;SW_Limits;;;;;;;;;;;;;;;;;;;;;;;;;;;;;;;55;;;;;;;;;;
editWrite;0x47 H;;;;;;[65,60];[50,13];;1;;(FW>=1072)||(FW<100);;;;;;SW_Limits;;;;;;;;;;;;;;;;;;;;;;;;;;;;;;;55;;;;;;;;;;
;;;;;;;;;;;;;;;;;;;;;;;;;;;;;;;;;;;;;;;;;;;;;;;;;;;;;;;;;;;
;;;;;;;;;;;;;;;;;;;;;;;;;;;;;;;;;;;;;;;;;;;;;;;;;;;;;;;;;;;
;;;;;;;;;;;;;;;;;;;;;;;;;;;;;;;;;;;;;;;;;;;;;;;;;;;;;;;;;;;
;;;;;;;;;;;;;;;;;;;;;;;;;;;;;;;;;;;;;;;;;;;;;;;;;;;;;;;;;;;
;;;;;;;;;;;;;;;;;;;;;;;;;;;;;;;;;;;;;;;;;;;;;;;;;;;;;;;;;;;
staticBox;;;;;;;[495,515];[300,85];;;;(IMD==1);;;;;;;new_volt;;;;;;;;;;;;;1;;;;;;RGB(250,150,75);;;;;;;;;RGB(254,254,254);RGB(180,180,180);;;;;;;;;;;
editRead;0xeb;;;;;;[75,20];[50,15];;;;;;;;;;new_volt;;;;;;;;;;;;;;;;;;;;;;;;;;;;;;;60;0;;;;;;;;;
editRead;0xeb;;;;;;[145,20];[50,15];;;;VdcBusVisible;;;;VdcBusDivisor;VdcBusDPoint;new_volt;;;;;;;;;;;;;;;;;;;;;;;;;;;;;;;0;;;;;;;;;;
editRead;0x66;;;;;;[75,40];[50,15];;;;;;;;;;new_volt;;;;;;;;;;;;;;;;;;;;;;;;;;;;;;;60;0;;;;;;;;;
editRead;0x66;;;;;;[145,40];[50,15];;;;VdcBatVisible;;;;VdcBatDivisor;VdcBatDPoint;new_volt;;;;;;;;;;;;;;;;;;;;;;;;;;;;;;;0;;;;;;;;;;
editRead;0x61;;;;;;[75,60];[50,15];;;;;;;;;;new_volt;;;;;;;;;;;;;;;;;;;;;;;;;;;;;;;60;0;;;;;;;;;
editRead;0x61;;;;;;[145,60];[50,15];;;;VdcBatVisible;;;;VdcBatDivisor;VdcBatDPoint;new_volt;;;;;;;;;;;;;;;;;;;;;;;;;;;;;;;0;;;;;;;;;;
